,language,averageStability
0,eng,3.393548387096774
1,ara,3.0999999999999996
2,hin,3.412903225806452
3,bul,4.51304347826087
